file,format,dimensions_or_viewBox,bytes,sha256
Chainmakers-ai-Portfolio.pdf,pdf,,609938,4f56a6a5991412d996fe75f7c0409f07de30de6143efa16cd681301b5c9452a3
README.md,md,,3878,97f1361d078ec5531af291ef62555470f25b0472e7aff2b1e401daa3551fc8e2
build_kit.py,py,,8559,e1789d2464941338bfba0234aa8be1385749f0ca0a7ef51d7f79199c1aaa9e95
build_portfolio.py,py,,11436,bcf34e8210ed5475bf98f8638418b192192d468d017550c742dd43d20565de54
finalize_kit.py,py,,15828,0bba806d871489656648eed639fbd2b75a49d11bfa19dbadd6e21ec10c086f8e
integration/INTEGRACION.md,md,,2013,645f2b06088dd4a7ee92fadca4301ba1d274dcff60e68620fb9745099147f73e
integration/Logo.tsx,tsx,,799,ea9097c913522a31998a847e8c4db0334e8659147d8261baf0cee251b5fb0196
integration/brand.css,css,,288,c96d8c410dd059ec7eb40786e7386771990ee849904f99c952f95fabb4697ddd
integration/head.html,html,,993,7cf7ab6950c6cfdce9ef3f3c268c639388f3f206b2d44657fc08aa4310af2096
integration/logo.html,html,,293,758f3bf24de49f15a8e0892e5c0e3e2eaf6abe6eb91ca7593e6363fb9c697d6a
png/horizontal/chainmakers-horizontal-black-1280w.png,png,1280x335,24252,c2cbc4060c96855b7f4397ffc105d94129ef19f8cf0b7875334fe5fad699b080
png/horizontal/chainmakers-horizontal-black-1920w.png,png,1920x503,38610,7d5fc9c13aa7368201cd87636311f3d7aecc664b1e1e4347f0c1b8bf81b1b15d
png/horizontal/chainmakers-horizontal-black-240w.png,png,240x63,3775,af27b8eadf1fb1749c52827a5a903a622473070a7e23e7fbb10c0661b5244116
png/horizontal/chainmakers-horizontal-black-2560w.png,png,2560x670,54524,0253213252cb9b37f9990ceb6875beb79874ed76ed9d6770b13e9c1abff096a8
png/horizontal/chainmakers-horizontal-black-320w.png,png,320x84,5174,b404bdab715973601e249cd12bc055975d5594efee0431ad507466ed1ae9b3b2
png/horizontal/chainmakers-horizontal-black-3840w.png,png,3840x1005,89831,3c60d1a97b2f0d895c6aacaf391b6793ec9eb37b341ef6241874ddc10b863059
png/horizontal/chainmakers-horizontal-black-480w.png,png,480x126,8091,29ffc639dcc1b0c9023e2f9fc13cc323d27ad1a3d5b42ed9d86c7d29cf358d44
png/horizontal/chainmakers-horizontal-black-640w.png,png,640x168,11145,69a65d26be3d007a8552b3e34ec1c7b9194abccfa9b77e84111715c7682b127a
png/horizontal/chainmakers-horizontal-black-960w.png,png,960x252,17258,ae855b70d2e0dfc7e59fbf437ec7102629b1c4df532165a255c31f562611f1cf
png/horizontal/chainmakers-horizontal-color-1280w.png,png,1280x335,38818,d45e6cf2c5df538c044de882a0f31addefbe91b681bc94ab3d4fd10decf97d42
png/horizontal/chainmakers-horizontal-color-1920w.png,png,1920x503,60290,e050bb8e8951d534f64375eade92c124053cf5815c13a0fd7a8f09dacc093cff
png/horizontal/chainmakers-horizontal-color-240w.png,png,240x63,6688,576945fd2f892aed63d6b2c55fda819b3e0c77111be03ea1b68f528d007fbac5
png/horizontal/chainmakers-horizontal-color-2560w.png,png,2560x670,83366,38a25a2796cdeb3b562ecb4bb4d3a5fbe1946457485cc9b1e711ad6346ece481
png/horizontal/chainmakers-horizontal-color-320w.png,png,320x84,8943,bed2e1c97929f029198197d36c787ccfa1c129b806bfc4d400d7c97fd96a8abf
png/horizontal/chainmakers-horizontal-color-3840w.png,png,3840x1005,131249,4d12f1bdf4395a5ba47685f92a39ae4e0713907d5436a440f183abb27e90f586
png/horizontal/chainmakers-horizontal-color-480w.png,png,480x126,13785,d99f550b122cea8c76f8bf289d63314fcb6b4ad2f34e041de94096fa6af8a156
png/horizontal/chainmakers-horizontal-color-640w.png,png,640x168,18601,f01c69b4fd276897144646cf83fb581a30b8c446a79f0536b86db4f304ecdf65
png/horizontal/chainmakers-horizontal-color-960w.png,png,960x252,28622,a460cc06586e5b76199a8a7cdd4f2fb239aeebeeb36fbcb41de3649b733e42cb
png/horizontal/chainmakers-horizontal-cyan-1280w.png,png,1280x335,37690,0bc1a602f1b6d5acdd06c6305d646a812eb6c6e80f0c25413c69930e8d08c82e
png/horizontal/chainmakers-horizontal-cyan-1920w.png,png,1920x503,58618,f9ee63b13c655d6a7003e765e183dbb7ece45c28801086b61c810cd6eeae63dd
png/horizontal/chainmakers-horizontal-cyan-240w.png,png,240x63,6445,9e977c79b2961d9461c9b4b784b48b4bd3f0f079abb30b59dab29166bdba99c0
png/horizontal/chainmakers-horizontal-cyan-2560w.png,png,2560x670,81137,3d5137b629ed93d2cdd85fb95ff41078e2c90fe062d27f452d5805c3beb23106
png/horizontal/chainmakers-horizontal-cyan-320w.png,png,320x84,8598,c1e596c9583df751b24495aaf535e40c73800d25c89b3ed6a37942f17414a5f5
png/horizontal/chainmakers-horizontal-cyan-3840w.png,png,3840x1005,128012,148d478530a7ce54052a51d81285f622c6f0e951b1aa683b59747051d53a508d
png/horizontal/chainmakers-horizontal-cyan-480w.png,png,480x126,13247,71f4499b290aaf2be551d013967f9d9c1dfb25e8fa873acc48939e4eaccda95b
png/horizontal/chainmakers-horizontal-cyan-640w.png,png,640x168,17951,606e675d5ed538cf4a45b2b2357889a313fd1756629ecefad139d8621c65570c
png/horizontal/chainmakers-horizontal-cyan-960w.png,png,960x252,27753,d79a600079f7698a80fd6f9e9becd9e461157329cb71b0aedc3ef9465964fa1b
png/horizontal/chainmakers-horizontal-graphite-1280w.png,png,1280x335,38474,031c06e70fb8815b21a03cc7278a6024849f2c1789f99e7d1cd7b144458d2caf
png/horizontal/chainmakers-horizontal-graphite-1920w.png,png,1920x503,59551,a87aa0f79901ac799bf352ad8b4f20d9248d197d97180049d273d93b591e958d
png/horizontal/chainmakers-horizontal-graphite-240w.png,png,240x63,6553,2e58414b0bab662892078b6330b2712c36de1905a015b87280869fbda4f0f3cc
png/horizontal/chainmakers-horizontal-graphite-2560w.png,png,2560x670,82541,10724461a176bbc41edf85351d3232cae7c25ee9a33e6d9a1424a32983f47a79
png/horizontal/chainmakers-horizontal-graphite-320w.png,png,320x84,8839,520cfcd7338616c2845782f2aa40f27518a4ad2b2b223718d9ba5cd41986492f
png/horizontal/chainmakers-horizontal-graphite-3840w.png,png,3840x1005,130229,e48d100ce32c607adaa6e38bd65a0f6e0c89597cff2f37503769950fcf577f09
png/horizontal/chainmakers-horizontal-graphite-480w.png,png,480x126,13612,58dd4e65e3c9810b35383f6bd13d9e20315399ca411d86aca86ef1db00ce5060
png/horizontal/chainmakers-horizontal-graphite-640w.png,png,640x168,18349,9b4270113c8a6187c040ad2050cdac7791c17d7eaef71984bbc3eb81832efccb
png/horizontal/chainmakers-horizontal-graphite-960w.png,png,960x252,28268,825404b03dcd48397c15d7c01f06ef643e39f8711cf7c86088b2bf7e38c9bcd3
png/horizontal/chainmakers-horizontal-reverse-1280w.png,png,1280x335,34446,751f9bad17b2582446028bcf2e8c17d8b365c914d12637b1edf9f679bde5145a
png/horizontal/chainmakers-horizontal-reverse-1920w.png,png,1920x503,53525,3a75147cf8ee7e6fd3f19389cfcb33dcbbd7a35d2dac3a645424738295ba3916
png/horizontal/chainmakers-horizontal-reverse-240w.png,png,240x63,5776,bfff7befca23107598314b9f3692f676f041af306976312c719f172719190cae
png/horizontal/chainmakers-horizontal-reverse-2560w.png,png,2560x670,74519,81919f85ed11a3f1e9f56831b916b65e08c0c4cde683332ab31dd1638236f953
png/horizontal/chainmakers-horizontal-reverse-320w.png,png,320x84,7780,64fa0a2d6af6d8686ae8544c12e267eead7f0e12866a30cdb763436961f379fb
png/horizontal/chainmakers-horizontal-reverse-3840w.png,png,3840x1005,118164,4b8445e87773badd0b87446db73fb5b784000f45ce89a6c620b7db9524456acb
png/horizontal/chainmakers-horizontal-reverse-480w.png,png,480x126,11946,5890c494b7fa60221944a4b665fe375bd7fdc466d69a79541e86ea59157414e1
png/horizontal/chainmakers-horizontal-reverse-640w.png,png,640x168,16261,96b65f9c30b9a0d242b347033e0276100211e6ad6a2912efce0cf309b15a0af7
png/horizontal/chainmakers-horizontal-reverse-960w.png,png,960x252,24933,9c13fc92499ff3cec8a9703347972f035fcc30174b753dcd1404e3ebd46ada9a
png/horizontal/chainmakers-horizontal-white-1280w.png,png,1280x335,28544,e745e8206a25b59a843b77c9f1487b9278a25ce5a4fbee769b8f288f78793b0c
png/horizontal/chainmakers-horizontal-white-1920w.png,png,1920x503,45068,d4d8e541853e5888f27a46b6a51284c32b5355eb951677e15f59a0eee94a8f40
png/horizontal/chainmakers-horizontal-white-240w.png,png,240x63,4151,687758dd6a7aa5ee54430929ffa1671553ecd385bea07a9dc95f0230cbbebe1e
png/horizontal/chainmakers-horizontal-white-2560w.png,png,2560x670,63315,dc75cdd007ba590f7f1cba3657b7dcb188645b521f0c2450e78583bd67c81c5a
png/horizontal/chainmakers-horizontal-white-320w.png,png,320x84,5653,b049e3f05db8a2f118a4ed805673476c43313caebb23f0f948fe97295849c40c
png/horizontal/chainmakers-horizontal-white-3840w.png,png,3840x1005,101827,648fb83fdbdf3a4ad8b30c598ccf8861ad09d7764268b036c439fe3dc1bebb51
png/horizontal/chainmakers-horizontal-white-480w.png,png,480x126,8820,5106c996229648b93012aa9258393077b3602bfc3c7f5b1ec46086a12d2e2cbd
png/horizontal/chainmakers-horizontal-white-640w.png,png,640x168,12197,2e55cee481a882796ea608c63e5462a031840259520d83725a71adee5ddfe0fa
png/horizontal/chainmakers-horizontal-white-960w.png,png,960x252,19692,20c1dbb62a1a73a3de26d7cc7fa4f08981ebce4c0831a7a1189a80b83a4c72b2
png/stacked/chainmakers-stacked-black-1024w.png,png,1024x688,29535,ec3942a62836fd7357e1c3b785654ce0ec4317458d054b7be027fd1bd864f0e0
png/stacked/chainmakers-stacked-black-2048w.png,png,2048x1376,69588,dbee68ddc1022b3a2dcb98251d0a6230ff9492770cad3fbe5b0df768f22d47ab
png/stacked/chainmakers-stacked-black-256w.png,png,256x172,6326,1d66c43192d2f48e5f90161e92144543cdaabd4e932f62f10a46572c68f753b4
png/stacked/chainmakers-stacked-black-4096w.png,png,4096x2752,169379,e450c291be6a791a2eb288da358e21524ce0110b505d3a1225ba66593ae66822
png/stacked/chainmakers-stacked-black-512w.png,png,512x344,13400,edd680c131969bc2ad9b384ba76b23f782e816aa554e3411e060005e02f41773
png/stacked/chainmakers-stacked-color-1024w.png,png,1024x688,47259,4d7bb71e84ff8046628a56d33200b7d61a8d7fd5b426da6cd4616e756d2e0329
png/stacked/chainmakers-stacked-color-2048w.png,png,2048x1376,102766,24a1e22cf6788da891d389bf208e8206de8ab03d217a4dcd5f33ae46fdf9ce9b
png/stacked/chainmakers-stacked-color-256w.png,png,256x172,10641,e0bb2e30287842f70bd5162dd042924d000976f9265c52ae80adb4971ba9633c
png/stacked/chainmakers-stacked-color-4096w.png,png,4096x2752,230909,b942315d64de1634cac1f6d4ce3ceb3b194187848b71db8db142bdf8e08f3daa
png/stacked/chainmakers-stacked-color-512w.png,png,512x344,22088,befdbfb766401f327b8a22c57bb727ae1680d2386b9fc3e70842ae7f88a6368c
png/stacked/chainmakers-stacked-cyan-1024w.png,png,1024x688,45735,50d3d459978057f40d00c41221c971e9042fecca744eaae322e2f4c48af0cd47
png/stacked/chainmakers-stacked-cyan-2048w.png,png,2048x1376,100171,6127e7b9b4216d928096b5f5cf663c34a4674fcbc9b16c9ed9f5f18b0b044e4a
png/stacked/chainmakers-stacked-cyan-256w.png,png,256x172,10284,26e8d78c5ab0c6b1d27c993c23ad812a9e3a23cc694b058622f8b7aa3fd287cf
png/stacked/chainmakers-stacked-cyan-4096w.png,png,4096x2752,226162,acc1bf1e752c9ffcf8a2cd3bfdee891e9442c971eeb2c64d2b9a8a5d1dbbba98
png/stacked/chainmakers-stacked-cyan-512w.png,png,512x344,21293,22648e2e22634e8806ac59e1f666b2989de1f93b2743f68dcff276bfab794ccf
png/stacked/chainmakers-stacked-graphite-1024w.png,png,1024x688,46444,d3ddf6cb9b4353f374f1efd04edfff9f79ae3f6c1a9e252b5c762ef3fb460fef
png/stacked/chainmakers-stacked-graphite-2048w.png,png,2048x1376,101968,9003823d9bda3088ce3ea7f109d03d68dd043fe77e4102345c38821efae9e3bb
png/stacked/chainmakers-stacked-graphite-256w.png,png,256x172,10413,75516e2848da516f2e131c3fd79fe45c52bac420fbbf2c4e99833de2a6e92afb
png/stacked/chainmakers-stacked-graphite-4096w.png,png,4096x2752,229956,37ccdce2242d2e5f137690ca771a4feea1ff6aed25f9f4bee7eb36a5f4781cfb
png/stacked/chainmakers-stacked-graphite-512w.png,png,512x344,21611,bc30cae0750e5226387c9676ba6ad1f02db3b439fb69d7f1de99b7a5f6c1abe5
png/stacked/chainmakers-stacked-reverse-1024w.png,png,1024x688,42042,f7109cc1d0a9369200408469f59bf8ac8c49a515a2f0f7d4f1f0d5fb5493d795
png/stacked/chainmakers-stacked-reverse-2048w.png,png,2048x1376,92299,07ccea48709aba527c4be07bbdb5d132b78459f74b543a23244e8310226f171b
png/stacked/chainmakers-stacked-reverse-256w.png,png,256x172,9351,47d5d3ef3ca15bbe939f6b9fce030f3ba5bccbfc887f03d0c4821884f2a23cf9
png/stacked/chainmakers-stacked-reverse-4096w.png,png,4096x2752,209266,b4bd6c9177bd29cb85eef3548e012ee35c2f258c2f28606ad7778f764e08324c
png/stacked/chainmakers-stacked-reverse-512w.png,png,512x344,19571,27e6c1819a5017baf2877159e43d20fab02813179755f2b6662b2d2e040fca66
png/stacked/chainmakers-stacked-white-1024w.png,png,1024x688,35188,260f7517236eb7176771e04e868375248491ef1151a39d5634f7db56deda40fd
png/stacked/chainmakers-stacked-white-2048w.png,png,2048x1376,79514,66bac91b52c607fb468f8262383b26b6c7b55038e7c52836381e10ceca58a878
png/stacked/chainmakers-stacked-white-256w.png,png,256x172,6898,d1d9c4245e1970d5ecc79e8de57b7d5278fd2e02b0f36a71bff72f278738e972
png/stacked/chainmakers-stacked-white-4096w.png,png,4096x2752,184660,0b95deeda2cccef2bd9bd0cc85a129722eb2eba6e496c4fd16e73efd0c52e1d4
png/stacked/chainmakers-stacked-white-512w.png,png,512x344,15142,f051d4df5580638bde8daad914bdb124e2d85f224d2f660249f6530ff2d162b0
png/symbol/chainmakers-symbol-black-1024w.png,png,1024x1024,27924,01b9bc786a478229f219e054fa378d51056ac80f143512c7a791ab81c4e68006
png/symbol/chainmakers-symbol-black-128w.png,png,128x128,2562,07a909a15db55458ea70622d6d5170d10da998e1461a96a8df98147ad7eff4de
png/symbol/chainmakers-symbol-black-2048w.png,png,2048x2048,71498,d8d5623db82c5d436fbf41a8c7c3d0e0b8eb337ecfa8c155446f9a735bac327a
png/symbol/chainmakers-symbol-black-256w.png,png,256x256,5226,2a59b66d97d67864571a31529db5070a6a36aafb09576f299a5d098db261bb4b
png/symbol/chainmakers-symbol-black-32w.png,png,32x32,635,de29fe5fef3d3c634e1feafabc35dd1f58e0fb25b42f46cdeb6c641907036dcf
png/symbol/chainmakers-symbol-black-48w.png,png,48x48,970,508cc39403fb2a65b7addd5a6d3906cc696e1a19a59562c4beeb22c1470c77a7
png/symbol/chainmakers-symbol-black-512w.png,png,512x512,11712,460275b2aec2b618f1c3ce147828e13337d634fe6384404a301451ba3ad8aaf9
png/symbol/chainmakers-symbol-black-64w.png,png,64x64,1255,acb2b88be560359d773c5726ad97842b7a46027212967071815fe1785559a712
png/symbol/chainmakers-symbol-color-1024w.png,png,1024x1024,42818,9763a26a543f962757ef4ad78d73100136f5af54213f386fed3e70f878c8fb47
png/symbol/chainmakers-symbol-color-128w.png,png,128x128,4528,983e13e8808e4c30a47ed72d6af59fbdfbde8d15405d0f2715232d7ce27ad86d
png/symbol/chainmakers-symbol-color-2048w.png,png,2048x2048,96330,86049c6ac104d8d2a583006e05c0556bb08b784f5374e0cae6dd545786221e76
png/symbol/chainmakers-symbol-color-256w.png,png,256x256,8961,beae2ac758127cd2be6ec69123b8fec2920e7ae66a17f4402c90a20e9bef55a0
png/symbol/chainmakers-symbol-color-32w.png,png,32x32,1119,38ca6a7a369c60d16a00540d336f8006c7e9faf00f886bac47fb464b60b75523
png/symbol/chainmakers-symbol-color-48w.png,png,48x48,1751,ed0d2e05525769143659c1d914c7bd2b6efe670eedd8112fa93f590338be9f96
png/symbol/chainmakers-symbol-color-512w.png,png,512x512,19239,e1a3bea06e6c30b860ad2f148e4de9d47a2589d5baf505b7c314f2086205c966
png/symbol/chainmakers-symbol-color-64w.png,png,64x64,2282,644039674742d0ba81e68e9b50e009e79a99e937136a91462d1550f0d97404fe
png/symbol/chainmakers-symbol-cyan-1024w.png,png,1024x1024,41172,f56e0e7003a816cac4f79a844649a4fb55f79e179c7215d81f31b95e0c3a0ddd
png/symbol/chainmakers-symbol-cyan-128w.png,png,128x128,4318,f696c236554228b2749417877d2eaa122be196188d80f1d48ef5d04d69acd66e
png/symbol/chainmakers-symbol-cyan-2048w.png,png,2048x2048,93539,9d7d5176710c6fd6471af9698d49ca3a7b12d341340e2c3539cc51854f8508d8
png/symbol/chainmakers-symbol-cyan-256w.png,png,256x256,8481,f68e2833210295f1dfd5aca8695828cdbd00c117dd3eda6852b5c148ab1d4d85
png/symbol/chainmakers-symbol-cyan-32w.png,png,32x32,1080,678f5431650ebac108951fdf453f09f743f7cd99cd1e768e84c082dd73e4adf3
png/symbol/chainmakers-symbol-cyan-48w.png,png,48x48,1676,4263fabf2f8fe9f41a22ca2129c161524a444f9c3736dc63f4c974a0f45ac36c
png/symbol/chainmakers-symbol-cyan-512w.png,png,512x512,18304,6699cb9b6feb32602c714d9d72419e130898b867dbaaff100c2767a15b3a241f
png/symbol/chainmakers-symbol-cyan-64w.png,png,64x64,2188,36eafdee1a526ec77b4a5722536a1ea846fc9742d0358609eefd645803b2a92e
png/symbol/chainmakers-symbol-graphite-1024w.png,png,1024x1024,42103,41890f58225e6908e4db2492448276b0d459502757d405df57b0ba3db11502f3
png/symbol/chainmakers-symbol-graphite-128w.png,png,128x128,4333,5350b871515e8adaf760f4933daf354f18d95cc08d579687273d18899fc270f2
png/symbol/chainmakers-symbol-graphite-2048w.png,png,2048x2048,95420,681cca3a661ac0554aa671fd17024f4d4ec99877f09d3b80ef6a76c8b848a5f1
png/symbol/chainmakers-symbol-graphite-256w.png,png,256x256,8589,c0702ba2ead0b68cc53f8c888025a17ff68b85e66fa0684d3b58fd5fbfbcd5d8
png/symbol/chainmakers-symbol-graphite-32w.png,png,32x32,1149,74a3218dfd86afe0343b239bedb2333b22c46aeeac6c476840e03083d680ec9c
png/symbol/chainmakers-symbol-graphite-48w.png,png,48x48,1735,32d73904a7dd2da316d54d60ea32d99babf736d145eac25c9ea888a278602e82
png/symbol/chainmakers-symbol-graphite-512w.png,png,512x512,18565,3d5062b53c7519bf5922924d34f90a7a4258f980aa40f62018a10cec7d64faf7
png/symbol/chainmakers-symbol-graphite-64w.png,png,64x64,2251,d24d4092cc938dfc201daecb6817c56dc05dd7ce793459e135dea935046dd089
png/symbol/chainmakers-symbol-reverse-1024w.png,png,1024x1024,38436,0927afcbbb43d4d3b905c2939d6b8f0bd8c4c073d1d66597a8e44e58b1c81ff8
png/symbol/chainmakers-symbol-reverse-128w.png,png,128x128,3944,f0717254797d5385def074b8d125e81c11bd150ef026271405bbe1093f230ee0
png/symbol/chainmakers-symbol-reverse-2048w.png,png,2048x2048,86738,3ae1bca2e964564b3f45baea66f337f798239ddb67b0bd03d6ec68d664f7f058
png/symbol/chainmakers-symbol-reverse-256w.png,png,256x256,7930,cd57f765f1f33b3a41d7ff663d2c578105e6b60ecb0ba6232337a14ac5ded5dc
png/symbol/chainmakers-symbol-reverse-32w.png,png,32x32,973,87c8c5945510a28832f0f6cd843c897598fb1b96566fb2c98f896f668cfabb5f
png/symbol/chainmakers-symbol-reverse-48w.png,png,48x48,1481,901b88c2a434e99d6c26ca4cf24fecff863ce4d2a19200b192b411819a86dbe3
png/symbol/chainmakers-symbol-reverse-512w.png,png,512x512,17095,437fb1fba26c7a0d31b975b9f159d0f9b0c035b88a97ec9086de8f045c20f3a1
png/symbol/chainmakers-symbol-reverse-64w.png,png,64x64,1951,a57d4006d6ede8cc46365bfd3be6d74b16e2af8b56c4b3439c9976c0f6f22e50
png/symbol/chainmakers-symbol-white-1024w.png,png,1024x1024,33755,1289b959a2e89e064b2d9e41547976764d0e06f628c1649b4acbdc7bb3cff3b5
png/symbol/chainmakers-symbol-white-128w.png,png,128x128,2714,52b7634eefc925b5f8ea6a8591e185277871b96ab8e66fc8ae527d7a7bc518f1
png/symbol/chainmakers-symbol-white-2048w.png,png,2048x2048,77866,223e7b9b517d99534e615cee57defd9e97892ddc16373632718d6f725bff00ba
png/symbol/chainmakers-symbol-white-256w.png,png,256x256,6093,29308b4f3e7065deb296c9ad6749603b723aeb6de72f82dc7254f4a712627f15
png/symbol/chainmakers-symbol-white-32w.png,png,32x32,655,b8b4a06f89bd857a3d010388d13cb77f2b9c2735429d73fcecfee587d6328d2f
png/symbol/chainmakers-symbol-white-48w.png,png,48x48,1015,b67efb03bb5f306789e1a818613e005f1bd86a4eaa312dd4bc567278dac4b254
png/symbol/chainmakers-symbol-white-512w.png,png,512x512,14803,e367af7b88b0adba60b40f9e56208a3cea6a5e160a4048381102716092e057d0
png/symbol/chainmakers-symbol-white-64w.png,png,64x64,1324,329189633c0926259394838f012c28a21df46a2023329e16a5a063ce094d1a11
png/wordmark/chainmakers-wordmark-black-1280w.png,png,1280x258,21198,8f10c0e6b278306582c630c7ea39ddc354c3de21243ba03229b3f1f7417f874f
png/wordmark/chainmakers-wordmark-black-1920w.png,png,1920x386,35151,a61949b17776043d4c400d77225ae6f8fdee91dcd64d500e022253bd8267bce9
png/wordmark/chainmakers-wordmark-black-240w.png,png,240x49,3449,70cc1867dbb4502d34957c33b1d7b50444040a41a5f82ad7efcfc91e91f7b19e
png/wordmark/chainmakers-wordmark-black-2560w.png,png,2560x515,48358,a2953297677e1b8b4368191e6dff9efbd0a5b64487abada3f7c7ccd6df51677c
png/wordmark/chainmakers-wordmark-black-320w.png,png,320x65,4683,5e7080b77ed5099b7f4f060282a030ca7f8ca1e21722208f88d9dd6b923bcb30
png/wordmark/chainmakers-wordmark-black-3840w.png,png,3840x772,76313,2f0db2a333aa0f7e541436447b1f6544f253e32b3298d0eb99334107ae210a1f
png/wordmark/chainmakers-wordmark-black-480w.png,png,480x97,7217,390bbe4d9576814e7be8f636023cacc1513415b02ef6456264d02d8a5d85a1f0
png/wordmark/chainmakers-wordmark-black-640w.png,png,640x129,9832,b3a9c894f8973c34ae9f4f918b5dfdaa4904c836828a004454a49a52e220249e
png/wordmark/chainmakers-wordmark-black-960w.png,png,960x193,15439,cc4eea843eba4e8cc598db345e4ab67249014063e06fa1d77ef6e63d0aefdd6e
png/wordmark/chainmakers-wordmark-color-1280w.png,png,1280x258,33407,79843f7805abefae7f0304f4ac6704eddbacd4a3e0bd0869ae539d4cb9c412d7
png/wordmark/chainmakers-wordmark-color-1920w.png,png,1920x386,51125,9f82316c35aaf71a6af1daf353e6054f3b52763eea5ea906282414cbca1a65d9
png/wordmark/chainmakers-wordmark-color-240w.png,png,240x49,5891,30ee108e53b059a64b7142d40ca1d107fa1abe81ed83cea8002a2cec0026184f
png/wordmark/chainmakers-wordmark-color-2560w.png,png,2560x515,69467,09f07ca734a91578202a19357799ce081b22e811e9ed723fa92a8f6441960242
png/wordmark/chainmakers-wordmark-color-320w.png,png,320x65,7812,295ebd123d3a35b37cfeae1c7192875a8ba75a7a20a98479521f33a4c08ae8a2
png/wordmark/chainmakers-wordmark-color-3840w.png,png,3840x772,108812,b1dcb9dd9147f8fc9eb9c15217d64a4e11a1af8e119af40159bea84ec5bd8d50
png/wordmark/chainmakers-wordmark-color-480w.png,png,480x97,11654,c56d880429d4333c1b0b18fdf67a5b18a48afb4f8152cd95662c961da7fef998
png/wordmark/chainmakers-wordmark-color-640w.png,png,640x129,15799,cc11d3f771425cb4616320698017687b40de2ff07bd1d955f03a0475c20d249c
png/wordmark/chainmakers-wordmark-color-960w.png,png,960x193,24451,70acfe506d1cd2b6ee09193678be247b4d360e888730c3ed2b2fb9eb2c05d331
png/wordmark/chainmakers-wordmark-cyan-1280w.png,png,1280x258,32556,a198f3af813cd80768a44e096cae9377b0153618cb1d53861a1b9e527a117bb7
png/wordmark/chainmakers-wordmark-cyan-1920w.png,png,1920x386,50064,2aa5936564d3e0eb366bb642c90598670127441e1b8794a81ad4750ae563d83c
png/wordmark/chainmakers-wordmark-cyan-240w.png,png,240x49,5660,0614a4592514a19d5395ecc204d0c6bbde84c5d211434cb27e9ef3cfb0adc921
png/wordmark/chainmakers-wordmark-cyan-2560w.png,png,2560x515,67869,5b8702addb9d8ed363e399ff6484759123101764ddbfbcf5634feb558e8b88c5
png/wordmark/chainmakers-wordmark-cyan-320w.png,png,320x65,7544,ca3616842ad0d6c87f6c2eeb06d8c7ac2547932d6926516c95ecaed0986201dd
png/wordmark/chainmakers-wordmark-cyan-3840w.png,png,3840x772,106535,8488658e15f02ab8602ce30672ddbe4b69c952f8a96c5844426b30f69f0557f8
png/wordmark/chainmakers-wordmark-cyan-480w.png,png,480x97,11269,2cd4b40ec24a9777952297f20c1ddfbee2c7507816cba7c5a0eb9eebb183056c
png/wordmark/chainmakers-wordmark-cyan-640w.png,png,640x129,15354,189950ec14209be2908b1a12cdbec8a2f66189bb8cc24be7387e31d6a3b04b51
png/wordmark/chainmakers-wordmark-cyan-960w.png,png,960x193,23786,872ac36a9651cf3e11ef6ff89f2a9affb315828313bbee23e5e0e3901d623fcf
png/wordmark/chainmakers-wordmark-graphite-1280w.png,png,1280x258,33014,a8902e7aa62b8457162c3d912b8194ccd6cd44799cb4f002c88c07fa3c34720e
png/wordmark/chainmakers-wordmark-graphite-1920w.png,png,1920x386,50891,8066b97cffeb99c7dfca0e24b9aaf4707b6fdfa6f8a8bd96e17a0cc04c4c7c02
png/wordmark/chainmakers-wordmark-graphite-240w.png,png,240x49,5823,93b1927d34a146f087ed9d4f935870efb76926122d08082ee913fa5a663697ec
png/wordmark/chainmakers-wordmark-graphite-2560w.png,png,2560x515,69028,e2c68d17e4cbd619e64c296ddd720dd185fb9c0b81c6260df136a7580c382dc8
png/wordmark/chainmakers-wordmark-graphite-320w.png,png,320x65,7689,7373edf254bff3b0423931e1bb0961170be483c49f4a4c3e4498f8d1bdde752a
png/wordmark/chainmakers-wordmark-graphite-3840w.png,png,3840x772,108038,1e58c1b4d386eecca7f9aa8e7ba1684396a90ee66d388d47eafb84d6a01cff59
png/wordmark/chainmakers-wordmark-graphite-480w.png,png,480x97,11488,d8e10599b1323458e7b6bc17ef316b558ddc659a056bf16209ea5c376e4c8937
png/wordmark/chainmakers-wordmark-graphite-640w.png,png,640x129,15553,79205b6639ee603f96a75fe4dba90e438b0d3ee33e7a2497d62038b1198e4bfe
png/wordmark/chainmakers-wordmark-graphite-960w.png,png,960x193,24199,62954ae8d8890a785a9b512c06544f821f45cbc2769ab6298ad89ad7cd42ebdf
png/wordmark/chainmakers-wordmark-reverse-1280w.png,png,1280x258,29594,49cb176774e905c8469181de678d370d573a839019dfb7cc5f60cf9327a2e090
png/wordmark/chainmakers-wordmark-reverse-1920w.png,png,1920x386,46122,31324c26efb226d0028de446e19cb20e3d8369adde30d5e1f581ac381ac7c86c
png/wordmark/chainmakers-wordmark-reverse-240w.png,png,240x49,5099,8cbc629583c6c2129fe551be399f62c9343b6a0e49104d3378d854a5d0ff6a2c
png/wordmark/chainmakers-wordmark-reverse-2560w.png,png,2560x515,62819,635c00a8e46628a23031290998c4b8150b511da7cafd7e429f1f1df95ee40a61
png/wordmark/chainmakers-wordmark-reverse-320w.png,png,320x65,6813,f4c852a5ad764155638cb32afae8ade3106fa82c9e149aecd8dff88707537bad
png/wordmark/chainmakers-wordmark-reverse-3840w.png,png,3840x772,98453,8626937b29a378fa03cc3a12cc498c06db0e08b5cdd0c004e7bf8575c8ae160d
png/wordmark/chainmakers-wordmark-reverse-480w.png,png,480x97,10255,5b709acd01242f8fdf485b47fb704bfe3b07a7757b07f7264dd5f2fe6118373c
png/wordmark/chainmakers-wordmark-reverse-640w.png,png,640x129,13879,cbb5c54c2dea37da156c383f4755d7fcaa46108c2093ccb73d96880146cace9e
png/wordmark/chainmakers-wordmark-reverse-960w.png,png,960x193,21478,95c5584b907077166f03cff4a5abcc36a9e701bdc0beef7f8532c019f80a9e31
png/wordmark/chainmakers-wordmark-white-1280w.png,png,1280x258,23889,ace4b7ff25b2e4af899c328a481a2c2275e28d90b67f4c0b71e086234be13998
png/wordmark/chainmakers-wordmark-white-1920w.png,png,1920x386,38177,797f340ebda2426d6f6b44a0ce60f0611e4c86021eb3d265560c2fc054e94b98
png/wordmark/chainmakers-wordmark-white-240w.png,png,240x49,3814,2446ad77acb52658443e37a7aa927d58fad46fb953cc89a6288448dcb5944e03
png/wordmark/chainmakers-wordmark-white-2560w.png,png,2560x515,52685,44a586f85a7b3948f18db6367664893f0521ec72c399001bf7a6efb699292c1e
png/wordmark/chainmakers-wordmark-white-320w.png,png,320x65,5179,fec99c79652523e6cf565461b19a409d976ab56a06cd52eb91f94e185a3995d4
png/wordmark/chainmakers-wordmark-white-3840w.png,png,3840x772,83635,fbdba43343ab4b72978f3e73857a76c0ac0959a0a576749ad1b52d1615e73860
png/wordmark/chainmakers-wordmark-white-480w.png,png,480x97,7889,4abe8244fe280d46087b77dab6d411c323b996e0bcdcb9969a89360ac2ae75c5
png/wordmark/chainmakers-wordmark-white-640w.png,png,640x129,10924,58b0f33b928d2a312fcf55b088a2c8d764dbac5609258d83bf08b358c07a4522
png/wordmark/chainmakers-wordmark-white-960w.png,png,960x193,17168,0964d4cf9f2ee5998f20ba933854aa37a11f6477073a98721bc1c9c5192d3b2a
social/chainmakers-avatar-dark.jpg,jpg,800x800,41643,84892b99e2c041004749a5c7895ea9dac27c34f65e1a1624a51eff08df0bd386
social/chainmakers-avatar-dark.png,png,800x800,26629,6034f776293cbabb4dd1fa5761640c77e91179d65f2472461120d09e8d877a82
social/chainmakers-avatar-dark.svg,svg,0 0 800 800,2028,4fbacf8bed9d14fb3ebcca758b0cbfcfbd89f78804e9ff38e24c7537045380e9
social/chainmakers-avatar-light.jpg,jpg,800x800,40762,33c84954d88327df03aad09184ba6fa98c6439e3bba281942b5b11ba68bab491
social/chainmakers-avatar-light.png,png,800x800,25161,8fa63e5d8cc9e54f1a29fabe796d4e6979455426178f140f67c1d9e46765c1fa
social/chainmakers-avatar-light.svg,svg,0 0 800 800,2028,bac59376299be6e6e52c4f2ca989b8563bd1b6b1007854a61a6f9305fd2e97da
social/chainmakers-banner-dark.jpg,jpg,1920x640,75899,53925b2d1bf253d3fe50c96810aa2cf92e474964d7f52201e2a0b081c7bcf81d
social/chainmakers-banner-dark.png,png,1920x640,45602,38da433d25180df30db87953d05ce18e33e2703dd9b0045c9d8f881f87260f10
social/chainmakers-banner-dark.svg,svg,0 0 1920 640,6706,ff3b639ec5cd2639ec9a1ae99c56301e7c6629b7c7d354d4740e1442074f64d4
social/chainmakers-banner-light.jpg,jpg,1920x640,74571,21346ff99fc56f84f98d6a453a6e9d665731d21ece5a1574c9f717ee8cd73e68
social/chainmakers-banner-light.png,png,1920x640,44331,678af2f3f7c1caa7bbbd022941621da7ee20eebb94b3b2b0cdcd32097feb6478
social/chainmakers-banner-light.svg,svg,0 0 1920 640,6706,e6f13144d2aa5564a08cd37418c8a2900bab645c3d0c63fd944ceeebc18fa149
social/chainmakers-opengraph-dark.jpg,jpg,1200x630,52699,9b4e4d8cbd2b8abd081342c04f241a5748854272bdb35a2346f5f48a4978f124
social/chainmakers-opengraph-dark.png,png,1200x630,32457,73a42da6def196b81c4269368b59915ddb47b100d19ee69de4f7f5785f9d2e28
social/chainmakers-opengraph-dark.svg,svg,0 0 1200 630,6705,78d6342ffa282d349df400be04cdc9056b9fc711104ae253550f15c1b6fb0ddf
social/chainmakers-opengraph-dark@2x.jpg,jpg,2400x1260,120142,d536058ea822cb7552331a2458239c245c8e96f1fa676efcc8b9725fecaf68e6
social/chainmakers-opengraph-dark@2x.png,png,2400x1260,68602,e935dca435e72aebad81798025f2c3089f8cebecc4d4af8a413f22da8c9dc4d7
social/chainmakers-opengraph-light.jpg,jpg,1200x630,51828,b84068c82c8f5921353f335c98ee0aa7106fc3d2190b92590fe43f226dbc41f5
social/chainmakers-opengraph-light.png,png,1200x630,31463,552cd375e89008e384ce3ed064caba064bb3e858eafb4c7dec3297abf7068a1f
social/chainmakers-opengraph-light.svg,svg,0 0 1200 630,6705,8dd5ff05b7a811cc1a394bc6f2ff18859da306c58e72cfc1899f5e3a3777eaab
social/chainmakers-opengraph-light@2x.jpg,jpg,2400x1260,118185,9df2a84755b87cad123bd4471e7d50d29ec719a7c75edbef59b32469f8e0a762
social/chainmakers-opengraph-light@2x.png,png,2400x1260,66971,28977bf9e261f8c10e5e828e86b20c7086ec87dd963e49f116e1e5beb7c8269c
social/chainmakers-square-dark.jpg,jpg,1080x1080,69650,001251ef03008356f25199fa44152d5d2c286e6f78d5895362d16cb15ca84fee
social/chainmakers-square-dark.png,png,1080x1080,42766,662c6adf36861cbe92c9b653686de2b933a6ba0830e613ac5c7006e147726123
social/chainmakers-square-dark.svg,svg,0 0 1080 1080,6691,4a178976652e94cc0a2adf6bdb4906e26a0db4f3ec73385a4992cf9a1fb646b0
social/chainmakers-square-light.jpg,jpg,1080x1080,68584,92add49d5f5a56020a7472cbb4f42d1dd47f8c230002a05cb73c9a74f75c89c0
social/chainmakers-square-light.png,png,1080x1080,41259,167e50bbe1ce72f03c907e9bd97bc9688081d2fbfa55c374381fcfedee528af9
social/chainmakers-square-light.svg,svg,0 0 1080 1080,6691,99201846d60e51f0638feaa874d005371d7e9896957b2823275d7f538a877389
source/PROMPTS.md,md,,2333,137eac9143204a24c46721784d54198ad5b327debe4da30d830a90c258b9df80
source/chainmakers-original-concept.png,png,1881x836,748315,c63e8e39b5544ddde00b27e9782dac66aefcb020c8307c10128cdc6d7332d32c
source/vector-components.json,json,,6515,2fd4677be050c4555f4c7ac033da0ca4738cf6c36be90701e7d952b54b178250
svg/horizontal/chainmakers-horizontal-black.svg,svg,0 0 1720 450,6577,bf1375ec983c36eae0e48dbacd5ba28c4d70bb02fe46d3d324054ce5bc5729c3
svg/horizontal/chainmakers-horizontal-color.svg,svg,0 0 1720 450,6577,82cf2926c190c8abefb01831d7b1ec7fc15147789200f46ad75fe76b9b9fa0c3
svg/horizontal/chainmakers-horizontal-cyan.svg,svg,0 0 1720 450,6577,7127f8e8d0f4ab05dabd4c0f3f7f477a8639fa950c6405f2346bfcbced919263
svg/horizontal/chainmakers-horizontal-graphite.svg,svg,0 0 1720 450,6577,f7dcf78e37804884e16e1884ae0fccaeef231c9336cbdcc89e00c18e598ea921
svg/horizontal/chainmakers-horizontal-reverse.svg,svg,0 0 1720 450,6577,f96336d09eda9d21e41d5778bb84bec34b1543ee8e559619bf8e392535715a9b
svg/horizontal/chainmakers-horizontal-white.svg,svg,0 0 1720 450,6577,47729a23c68b13ed9090166a3aeab9a03077e4e34048399d61d140624b3ac608
svg/stacked/chainmakers-stacked-black.svg,svg,0 0 1280 860,6579,3a248f03591cfd151e31b157d265d3b5fd20a07e124368c72a8c04a28f91e265
svg/stacked/chainmakers-stacked-color.svg,svg,0 0 1280 860,6579,3f1e70a38b608ff5342988d45c9e25dc92058beee4a1b695b0b46e8c8f9c135a
svg/stacked/chainmakers-stacked-cyan.svg,svg,0 0 1280 860,6579,843f141d8795cbfe98c2049c62f902e2eb1afb3b01331298c5b13b7f463e77fd
svg/stacked/chainmakers-stacked-graphite.svg,svg,0 0 1280 860,6579,b85e9d988f9c1223a7b7e478a89f0b2e2d083df5d10f4fb9ab129b6f1135cfe2
svg/stacked/chainmakers-stacked-reverse.svg,svg,0 0 1280 860,6579,e6209049e00b093a5778a9015ef44b0c1d7812512eb2429058738de23de7f47f
svg/stacked/chainmakers-stacked-white.svg,svg,0 0 1280 860,6579,a0d59470752aaf8e9f96cfd442efbf1a9cd858d853a307e0103378b85a318b9d
svg/symbol/chainmakers-symbol-black.svg,svg,0 0 512 512,1923,082f180663d297f332b2814cafc4d1518c04ecf3d8ef6b4321c9de36c3cc6408
svg/symbol/chainmakers-symbol-color.svg,svg,0 0 512 512,1923,5581acfcfb9c679e583530dc743f1f550eca4a59b951924490a0d325d15ecea6
svg/symbol/chainmakers-symbol-cyan.svg,svg,0 0 512 512,1923,07dd2c3f49ceabb08fd345729c263dbacfa4d9d46b5886b0d88bd7c18f99e042
svg/symbol/chainmakers-symbol-graphite.svg,svg,0 0 512 512,1923,904d0fb12bb4faefa90008b1f9b2427ca46ae208491192eabe15d19e260d5c94
svg/symbol/chainmakers-symbol-reverse.svg,svg,0 0 512 512,1923,efbd5684e7be665b7786d81580189b42120199fb205426b34d605c9182263fe9
svg/symbol/chainmakers-symbol-white.svg,svg,0 0 512 512,1923,10f41ee5ed0486ce3c1fe13635579d8778ccfbacb01e2d794ede64c272de662e
svg/wordmark/chainmakers-wordmark-black.svg,svg,0 0 1220 245,4806,17d7375e29773b42069406433e1f7d76e5012e8218e2154c9b6fb29565329788
svg/wordmark/chainmakers-wordmark-color.svg,svg,0 0 1220 245,4806,f61ea9b67e11ce10968d886d39a215441f6768145b1bdf9116e8fbbab6968688
svg/wordmark/chainmakers-wordmark-cyan.svg,svg,0 0 1220 245,4806,1910a2dd346c89030aba18617f79ad80ce5dbdce19aa444b8368213ce60fa88f
svg/wordmark/chainmakers-wordmark-graphite.svg,svg,0 0 1220 245,4806,56b33319e2143d40844050800e21eeb978356e3f99b9161bc9f0e14842a7968f
svg/wordmark/chainmakers-wordmark-reverse.svg,svg,0 0 1220 245,4806,525bf0d6050d346594bf4ce94292538aaa8923a007d84733e8eb4c5f7d8e1833
svg/wordmark/chainmakers-wordmark-white.svg,svg,0 0 1220 245,4806,77c8cce4fda2499a9aaf287a77853ce5a6f3133319d70307a94cde2d5ef2d770
validation.json,json,,518,5bbdeabb6a7e0e4ff8bdbfa3d3f35f5b886b577b35940c8149ffb08b7a4a002f
web/app-icon-192.png,png,192x192,5538,103abd67a4ba099b6d5d8e5f96fd00bcef781abf51bb721a6968a8e484456b6e
web/app-icon-512.png,png,512x512,15715,4a74a93f7e93ed7f27e6c988b6f23eef428e24dad1297165101d1f516bf0738b
web/app-icon.svg,svg,0 0 512 512,2048,b4d35d699289667308cf47cabcb3eb1e6341b02bbbc30f2dc3930aa5c807e9bc
web/apple-touch-icon.png,png,180x180,5254,9279d12d0eca650fac929cedd1aac066e52c0b5bf6bcca78a224fb6194cf2dfb
web/favicon-128.png,png,128x128,4528,983e13e8808e4c30a47ed72d6af59fbdfbde8d15405d0f2715232d7ce27ad86d
web/favicon-16.png,png,16x16,534,7968c6b50f9c4c9158afc870f86425f24e5e7259e19ad252c44bfc436cf60851
web/favicon-192.png,png,192x192,6798,074669f4c9b7ccc021e544419a0dfa5ec8fd6d04e480b8e822499e38ad93aaab
web/favicon-256.png,png,256x256,8961,beae2ac758127cd2be6ec69123b8fec2920e7ae66a17f4402c90a20e9bef55a0
web/favicon-32.png,png,32x32,1119,38ca6a7a369c60d16a00540d336f8006c7e9faf00f886bac47fb464b60b75523
web/favicon-48.png,png,48x48,1751,ed0d2e05525769143659c1d914c7bd2b6efe670eedd8112fa93f590338be9f96
web/favicon-512.png,png,512x512,19239,e1a3bea06e6c30b860ad2f148e4de9d47a2589d5baf505b7c314f2086205c966
web/favicon-64.png,png,64x64,2282,644039674742d0ba81e68e9b50e009e79a99e937136a91462d1550f0d97404fe
web/favicon-96.png,png,96x96,3454,fae8fdb5bdfe0a346a8a365d588dbdbdd0f0dc26f9eddd444b5fd012452d5372
web/favicon.ico,ico,256x256,302430,8d8e1f7245e1cd1c97cbe87acd5d135e6b321c7e58fa5d033224dffd65ef1af8
web/favicon.svg,svg,0 0 512 512,2056,46f5b57cad7165ae7167779f20b603a66cf07ddbaf6de54974e7d4625dfee820
web/maskable-icon-192.png,png,192x192,4758,072900c824199e55749b5701c7fbbb26ab69af66eda3793ea5a42339627bc913
web/maskable-icon-512.png,png,512x512,13167,cbacf56e6921ad08f0bc1ed7801f9b443070491c663af86fcad5fdc0a8006c73
web/maskable-icon.svg,svg,0 0 512 512,2024,64a169753ecdb8e3c2e691a5c706c17c230178226ed7aba153520a96fa66e9df
web/safari-pinned-tab.svg,svg,0 0 512 512,1923,082f180663d297f332b2814cafc4d1518c04ecf3d8ef6b4321c9de36c3cc6408
web/site.webmanifest,webmanifest,,765,a694095a21c3d98258df9d67b0626d35d70e654119dcca0dff6ddabbad3881f6
web-ready/brand/social/chainmakers-opengraph-dark.png,png,1200x630,32457,73a42da6def196b81c4269368b59915ddb47b100d19ee69de4f7f5785f9d2e28
web-ready/brand/social/chainmakers-opengraph-light.png,png,1200x630,31463,552cd375e89008e384ce3ed064caba064bb3e858eafb4c7dec3297abf7068a1f
web-ready/brand/svg/horizontal/chainmakers-horizontal-color.svg,svg,0 0 1720 450,6577,82cf2926c190c8abefb01831d7b1ec7fc15147789200f46ad75fe76b9b9fa0c3
web-ready/brand/svg/horizontal/chainmakers-horizontal-reverse.svg,svg,0 0 1720 450,6577,f96336d09eda9d21e41d5778bb84bec34b1543ee8e559619bf8e392535715a9b
web-ready/brand/svg/stacked/chainmakers-stacked-color.svg,svg,0 0 1280 860,6579,3f1e70a38b608ff5342988d45c9e25dc92058beee4a1b695b0b46e8c8f9c135a
web-ready/brand/svg/stacked/chainmakers-stacked-reverse.svg,svg,0 0 1280 860,6579,e6209049e00b093a5778a9015ef44b0c1d7812512eb2429058738de23de7f47f
web-ready/brand/svg/symbol/chainmakers-symbol-color.svg,svg,0 0 512 512,1923,5581acfcfb9c679e583530dc743f1f550eca4a59b951924490a0d325d15ecea6
web-ready/brand/svg/symbol/chainmakers-symbol-reverse.svg,svg,0 0 512 512,1923,efbd5684e7be665b7786d81580189b42120199fb205426b34d605c9182263fe9
web-ready/brand/svg/wordmark/chainmakers-wordmark-color.svg,svg,0 0 1220 245,4806,f61ea9b67e11ce10968d886d39a215441f6768145b1bdf9116e8fbbab6968688
web-ready/brand/svg/wordmark/chainmakers-wordmark-reverse.svg,svg,0 0 1220 245,4806,525bf0d6050d346594bf4ce94292538aaa8923a007d84733e8eb4c5f7d8e1833
web-ready/brand/web/app-icon-192.png,png,192x192,5538,103abd67a4ba099b6d5d8e5f96fd00bcef781abf51bb721a6968a8e484456b6e
web-ready/brand/web/app-icon-512.png,png,512x512,15715,4a74a93f7e93ed7f27e6c988b6f23eef428e24dad1297165101d1f516bf0738b
web-ready/brand/web/app-icon.svg,svg,0 0 512 512,2048,b4d35d699289667308cf47cabcb3eb1e6341b02bbbc30f2dc3930aa5c807e9bc
web-ready/brand/web/apple-touch-icon.png,png,180x180,5254,9279d12d0eca650fac929cedd1aac066e52c0b5bf6bcca78a224fb6194cf2dfb
web-ready/brand/web/favicon-128.png,png,128x128,4528,983e13e8808e4c30a47ed72d6af59fbdfbde8d15405d0f2715232d7ce27ad86d
web-ready/brand/web/favicon-16.png,png,16x16,534,7968c6b50f9c4c9158afc870f86425f24e5e7259e19ad252c44bfc436cf60851
web-ready/brand/web/favicon-192.png,png,192x192,6798,074669f4c9b7ccc021e544419a0dfa5ec8fd6d04e480b8e822499e38ad93aaab
web-ready/brand/web/favicon-256.png,png,256x256,8961,beae2ac758127cd2be6ec69123b8fec2920e7ae66a17f4402c90a20e9bef55a0
web-ready/brand/web/favicon-32.png,png,32x32,1119,38ca6a7a369c60d16a00540d336f8006c7e9faf00f886bac47fb464b60b75523
web-ready/brand/web/favicon-48.png,png,48x48,1751,ed0d2e05525769143659c1d914c7bd2b6efe670eedd8112fa93f590338be9f96
web-ready/brand/web/favicon-512.png,png,512x512,19239,e1a3bea06e6c30b860ad2f148e4de9d47a2589d5baf505b7c314f2086205c966
web-ready/brand/web/favicon-64.png,png,64x64,2282,644039674742d0ba81e68e9b50e009e79a99e937136a91462d1550f0d97404fe
web-ready/brand/web/favicon-96.png,png,96x96,3454,fae8fdb5bdfe0a346a8a365d588dbdbdd0f0dc26f9eddd444b5fd012452d5372
web-ready/brand/web/favicon.ico,ico,256x256,302430,8d8e1f7245e1cd1c97cbe87acd5d135e6b321c7e58fa5d033224dffd65ef1af8
web-ready/brand/web/favicon.svg,svg,0 0 512 512,2056,46f5b57cad7165ae7167779f20b603a66cf07ddbaf6de54974e7d4625dfee820
web-ready/brand/web/maskable-icon-192.png,png,192x192,4758,072900c824199e55749b5701c7fbbb26ab69af66eda3793ea5a42339627bc913
web-ready/brand/web/maskable-icon-512.png,png,512x512,13167,cbacf56e6921ad08f0bc1ed7801f9b443070491c663af86fcad5fdc0a8006c73
web-ready/brand/web/maskable-icon.svg,svg,0 0 512 512,2024,64a169753ecdb8e3c2e691a5c706c17c230178226ed7aba153520a96fa66e9df
web-ready/brand/web/safari-pinned-tab.svg,svg,0 0 512 512,1923,082f180663d297f332b2814cafc4d1518c04ecf3d8ef6b4321c9de36c3cc6408
web-ready/brand/web/site.webmanifest,webmanifest,,765,a694095a21c3d98258df9d67b0626d35d70e654119dcca0dff6ddabbad3881f6
webp/horizontal/chainmakers-horizontal-black-1280w.webp,webp,1280x335,12268,da1dc486fab63b1554c7e3953b98e031967ad57415534f348cd7cd0481bab184
webp/horizontal/chainmakers-horizontal-black-1920w.webp,webp,1920x503,18564,4d77d8e2258e2761297ff4f8e248ffaebedeb7a522f44560cb74442fa3f1455e
webp/horizontal/chainmakers-horizontal-black-240w.webp,webp,240x63,2300,993027463a92fec364a521e44ff95b33161ef43c0fb2ad5ab59c2c7b74c61186
webp/horizontal/chainmakers-horizontal-black-2560w.webp,webp,2560x670,25104,344eba22d6c3c29fcf4398f40a24eb985b191cd0d881c2d611a8dbd6b3e335ce
webp/horizontal/chainmakers-horizontal-black-320w.webp,webp,320x84,3080,86a304911653543634ad5f0d319c9f850f8c70bf74c175c7b0a0dab148ef8f99
webp/horizontal/chainmakers-horizontal-black-3840w.webp,webp,3840x1005,38342,a6b6016bd9d51960cb436ff298b8651c6bfc211bcf4312943bb8eef656ca69f2
webp/horizontal/chainmakers-horizontal-black-480w.webp,webp,480x126,4456,419fc172713ebfe26c1fbc8aa56386890bb04512591dce3ba1a853cb271b5515
webp/horizontal/chainmakers-horizontal-black-640w.webp,webp,640x168,5982,7a7958501173c8dc2fc0bddef826892469294a6dfafc99e3b88df7e6ce2b0d90
webp/horizontal/chainmakers-horizontal-black-960w.webp,webp,960x252,9054,6958bdaa72ca2d1fb8bc384e9cadaed26aecb4c3dd1d1f3e1d6f3591b4bce936
webp/horizontal/chainmakers-horizontal-color-1280w.webp,webp,1280x335,15666,de74b6ee26a22b58c53265707170f31a6b5c979fb8f31f86aa5008ab418be6f2
webp/horizontal/chainmakers-horizontal-color-1920w.webp,webp,1920x503,23652,7451cedf554ac8ed0f0a5a7de3d0bfbe9a6d17eaf44a47422fbe969bcabda3e3
webp/horizontal/chainmakers-horizontal-color-240w.webp,webp,240x63,3342,778ae4b28dbda87de28a0f828ff4f549d049ac9fc9825263bfd630c15063fb6b
webp/horizontal/chainmakers-horizontal-color-2560w.webp,webp,2560x670,31612,41720688f51c89ade788bd9bd16059aeb2bd6e279d1334f562eed3454bbfaa45
webp/horizontal/chainmakers-horizontal-color-320w.webp,webp,320x84,4332,c32d57f7edc318862c9600ee866d58ac1cd8ca250a7b5b6e6cdeefe90e2558ae
webp/horizontal/chainmakers-horizontal-color-3840w.webp,webp,3840x1005,44220,7e3c01fdc6084bd38bb8fe4b278651f0e2eeaffd847d3f6c38dffd7e7131265e
webp/horizontal/chainmakers-horizontal-color-480w.webp,webp,480x126,6246,a38e1347e2ed95245d5813077f6986c48d16d686ba2f989fb1f0e1cfb9631295
webp/horizontal/chainmakers-horizontal-color-640w.webp,webp,640x168,8190,ef11be3f70ac0a4bf2863f2afda4c83d5fbdd21f86fd8ef63837b4d4cdc1649f
webp/horizontal/chainmakers-horizontal-color-960w.webp,webp,960x252,11912,6e65d529341f8f19f556a31d73635a3e3d89403bd45c574b42d9c45900b4f143
webp/horizontal/chainmakers-horizontal-cyan-1280w.webp,webp,1280x335,12614,16f32d91fd30ed4de748c3f530aca9e59918523d4a028564b2b5d4bddf83c67d
webp/horizontal/chainmakers-horizontal-cyan-1920w.webp,webp,1920x503,18918,39b685cee318c4de623afec3e4e22a4ba5b913fea29a08e422c9e0c4cc710857
webp/horizontal/chainmakers-horizontal-cyan-240w.webp,webp,240x63,2536,134aaa811b7208cde57be1a377552173029b4d9ba650b5ee12e0392f46f163a5
webp/horizontal/chainmakers-horizontal-cyan-2560w.webp,webp,2560x670,25458,848e622576859779c5f3ff9180a120d80e88a9959775e12bb8fc11ea3fda9ba3
webp/horizontal/chainmakers-horizontal-cyan-320w.webp,webp,320x84,3316,4d59eca78f3d32e61e7220e1cdaae064d95abcd69a654b74870bb03e1855d3a8
webp/horizontal/chainmakers-horizontal-cyan-3840w.webp,webp,3840x1005,38686,ab11d8dcf216a164cf8932a27dfdcd6c67e2e74add794876db82b37ae8093a36
webp/horizontal/chainmakers-horizontal-cyan-480w.webp,webp,480x126,4798,4edd15667b81924a177fab0dd302bb24b205e561f0f031a4b88e6853438f5020
webp/horizontal/chainmakers-horizontal-cyan-640w.webp,webp,640x168,6326,190534bd84ec83e443489d8ddbca2d20e4e433ceb78046285ff151c54c8dbfae
webp/horizontal/chainmakers-horizontal-cyan-960w.webp,webp,960x252,9400,e65f7e48bce1ac8eb6bb6c22ca1afbf565980b0737d33159a72b8fa3bccb673c
webp/horizontal/chainmakers-horizontal-graphite-1280w.webp,webp,1280x335,12610,d7083a34ce1820d88776ae6b5b44e0de589756ef1cdddd96810b5ff31b04ae62
webp/horizontal/chainmakers-horizontal-graphite-1920w.webp,webp,1920x503,18930,52403f559694b261c2714f068415c8c62f530d23e9998185c9fad539382cd4a7
webp/horizontal/chainmakers-horizontal-graphite-240w.webp,webp,240x63,2530,6819a4a86db442360352107330f1b6ee04d31e243b14c24cf264ec3e1ab9f587
webp/horizontal/chainmakers-horizontal-graphite-2560w.webp,webp,2560x670,25460,3c13c345c76aca40836cfe518ceed515746dec1b1f751e691296558ab4bde71d
webp/horizontal/chainmakers-horizontal-graphite-320w.webp,webp,320x84,3316,7f9577b7b9300c1ea865bfb676554845a858ecf93909ef3ddb347a6ae8b8cd3b
webp/horizontal/chainmakers-horizontal-graphite-3840w.webp,webp,3840x1005,38680,039cc5a4df0f377c00d10597f72255e5bed687e9d795bbfa7e603fd6ad51da90
webp/horizontal/chainmakers-horizontal-graphite-480w.webp,webp,480x126,4800,59e179e4f029b992621210aaa5a46429e1fa29b2fe9d05450d309a89329e5e5f
webp/horizontal/chainmakers-horizontal-graphite-640w.webp,webp,640x168,6324,7df843aa976e4b4d7873caf568494b29f8bb793742bb699fc1f1132a5f99b931
webp/horizontal/chainmakers-horizontal-graphite-960w.webp,webp,960x252,9394,4e95712dcbeeee34b33673e18fe0c9f3886c83e0d8859f7c7f44da6646aec49a
webp/horizontal/chainmakers-horizontal-reverse-1280w.webp,webp,1280x335,14954,e6770e128c072fce8bd224b517d5ea3d5b37d1f1fec7f56fb121422c1147237d
webp/horizontal/chainmakers-horizontal-reverse-1920w.webp,webp,1920x503,21258,bdac958e7ed06b94bf9c6e1917e24d773010900a79bf39a743bc61cdd871ae5f
webp/horizontal/chainmakers-horizontal-reverse-240w.webp,webp,240x63,3042,24709e2aab03e91cafc8d029f0bdcccd55b76196cac789a47c1db1d302ba59a2
webp/horizontal/chainmakers-horizontal-reverse-2560w.webp,webp,2560x670,28012,a4dd68367aedff1efbe51d2ce2d256288fa35cc199a98d614058f5ba638d0aa4
webp/horizontal/chainmakers-horizontal-reverse-320w.webp,webp,320x84,3972,aaff92e9d53d354d77bb46eb029f8c15146d62f4c397508a0bb48f41db8cee59
webp/horizontal/chainmakers-horizontal-reverse-3840w.webp,webp,3840x1005,41954,30ea9e211289973e70d8c332ffeff3cf84c941dc6b57f7721b7e6b9b3f2dad87
webp/horizontal/chainmakers-horizontal-reverse-480w.webp,webp,480x126,5864,b0be1c651158e269f88199d9eba13ed207619e702e86af6f32b3ea5d426ddb51
webp/horizontal/chainmakers-horizontal-reverse-640w.webp,webp,640x168,7720,99e53f66070dc6180a2378ba38fabd461cf3cd003f06543f1dcfe39a358c8066
webp/horizontal/chainmakers-horizontal-reverse-960w.webp,webp,960x252,10976,298b4bb09fde8fffa1408dc9718e504c0bc5460b683ac95aa979f54c4639293d
webp/horizontal/chainmakers-horizontal-white-1280w.webp,webp,1280x335,12272,38a2059d3d15857c4e1cbd7c393cdcb7566c33a6d5c82f1a1597ec08232cb8e7
webp/horizontal/chainmakers-horizontal-white-1920w.webp,webp,1920x503,18570,6775048fca235ed24a28e340322bbe8fd6586ed428b3e2121470aeb719614ac6
webp/horizontal/chainmakers-horizontal-white-240w.webp,webp,240x63,2218,7ed285884519a136b9c004a4829371b77c03f75f61d75cf39875fbd6258e4493
webp/horizontal/chainmakers-horizontal-white-2560w.webp,webp,2560x670,25108,56ca3bc6a083ec71c41521b7f2f9e8556290441e918b6032a5f3127cd30adc5f
webp/horizontal/chainmakers-horizontal-white-320w.webp,webp,320x84,2990,363eb4c2850e6fbf64ecdad002566cdc5189f9320374515f45c712a8b2f87308
webp/horizontal/chainmakers-horizontal-white-3840w.webp,webp,3840x1005,38346,63341ccfed3389f5f1dc96d5fd1fb12c42a1fbd8da92b2e66c00513c43b06f07
webp/horizontal/chainmakers-horizontal-white-480w.webp,webp,480x126,4462,3fee3e2d8387eb158cb79b58a13fb4c915ecd9a9ce3aef738a857b4deb394755
webp/horizontal/chainmakers-horizontal-white-640w.webp,webp,640x168,5986,89fb1667c0e27a9421c502d0881c895fa917375ecc9ae7e592bd8571380ad4be
webp/horizontal/chainmakers-horizontal-white-960w.webp,webp,960x252,9058,3f6e65d43f24365f73ba18756f7752954c08c6a8ea0d32ec576e3ea8e1f302a1
webp/stacked/chainmakers-stacked-black-1024w.webp,webp,1024x688,14804,7db7354164bca185717ed35a6aebf495b9619176ff74e8aec01fb512f29104a9
webp/stacked/chainmakers-stacked-black-2048w.webp,webp,2048x1376,30056,0f22154fd368cd96356ef9a1b0fb109f594f085453b01f5ced1a160819db6cb8
webp/stacked/chainmakers-stacked-black-256w.webp,webp,256x172,3626,fde3bbc264fdd12b8bbdee21c080bf9ce39e3435118c16dcf5a510874472c65b
webp/stacked/chainmakers-stacked-black-4096w.webp,webp,4096x2752,62270,2e196a35933001331ca3e82ad8791cd8fd62a2280257bcc81aa025359f0ccef7
webp/stacked/chainmakers-stacked-black-512w.webp,webp,512x344,7134,fad1a5b74669686c7f111273507a9970a021022969bdbd349b06ba94762f9230
webp/stacked/chainmakers-stacked-color-1024w.webp,webp,1024x688,18976,d93a4d8ec6eb4106bf408c2cd2f8f657f39da1520b816d39443795b6ef189318
webp/stacked/chainmakers-stacked-color-2048w.webp,webp,2048x1376,35538,00f5898d0a803c4c081b644921c304598020f510b726b2780d32e87497bd88dd
webp/stacked/chainmakers-stacked-color-256w.webp,webp,256x172,5054,e88c8ecb974d28b96e151e6ea8574f5a640bd9c91e75838d17b078c3e45fb437
webp/stacked/chainmakers-stacked-color-4096w.webp,webp,4096x2752,72032,b1745f92f7f4987af41dea0b18dd35050b69cc93420fbbcae77946556591d665
webp/stacked/chainmakers-stacked-color-512w.webp,webp,512x344,9512,9b105308f8d3f5d9f7c3fa841a0a7230dc18eef95859b0aef8fc01fb4c6157d2
webp/stacked/chainmakers-stacked-cyan-1024w.webp,webp,1024x688,15146,9ebfa111fdff258487f03bb4523a16433a6a9eaff22284423bbedf312d2251f3
webp/stacked/chainmakers-stacked-cyan-2048w.webp,webp,2048x1376,30356,929dc7e8e79cd6e3769217f1c19b2cec849bed70ea6427f71825da6495e14310
webp/stacked/chainmakers-stacked-cyan-256w.webp,webp,256x172,3894,01c3d54eddea9ddca97494fd403f3039412647043be9221ba9ad1fb2011505d6
webp/stacked/chainmakers-stacked-cyan-4096w.webp,webp,4096x2752,62620,369c9361924ee01805b292eb7dd09b0accf5f1ed19b2dc73f5a5da3ffe8e5593
webp/stacked/chainmakers-stacked-cyan-512w.webp,webp,512x344,7486,fe136eb36b8eb020adb4b1ece6637206f36afd4c6d4032e245870a674f9ec104
webp/stacked/chainmakers-stacked-graphite-1024w.webp,webp,1024x688,15144,63b7d0046269e636c826b6aecf1c3363d64f74bbf6492f9843e6c6989a587fbf
webp/stacked/chainmakers-stacked-graphite-2048w.webp,webp,2048x1376,30394,33585b92675c670a9e170db0d4040ba7da3975e20f6082a7dbebcc0f892eecd7
webp/stacked/chainmakers-stacked-graphite-256w.webp,webp,256x172,3882,571b64d1c8c18154719af68bc8191ac26b03939b299dd8a4871fbb04bcf038bc
webp/stacked/chainmakers-stacked-graphite-4096w.webp,webp,4096x2752,62440,6f9c454a71f5d07d58a9fd540c16caff2636981721dee77dc099a300e065f205
webp/stacked/chainmakers-stacked-graphite-512w.webp,webp,512x344,7480,64399c0773b3fdf26d2be36f7f29569209a2973a5a342efb866b1c4d3d3407f6
webp/stacked/chainmakers-stacked-reverse-1024w.webp,webp,1024x688,17260,0d12b683d66a28a801a6ddb85274fe8d95c8c78317620684df54051aa12ad920
webp/stacked/chainmakers-stacked-reverse-2048w.webp,webp,2048x1376,33902,3361f1b19072717faad266734e56bae91b86816ef5ffe4bb66c7de4676e8914f
webp/stacked/chainmakers-stacked-reverse-256w.webp,webp,256x172,4732,0c6fdcb0ab48cf09e704449c1c9f6f2b05cc4c91f40ddc56d57a9c87579e95b0
webp/stacked/chainmakers-stacked-reverse-4096w.webp,webp,4096x2752,68558,44813abbffc0c00e38e7eb1488463d7f825585fe9d31eda38ecd47a465183e49
webp/stacked/chainmakers-stacked-reverse-512w.webp,webp,512x344,9082,82e4f812643e00c67aea18ef16c09aaef6430f68fe0ce576b87b149da7919c94
webp/stacked/chainmakers-stacked-white-1024w.webp,webp,1024x688,14808,d112c6596ccd363d9e33559ac9c97d4413aa28fc66b2caf4976248f7ae0a761e
webp/stacked/chainmakers-stacked-white-2048w.webp,webp,2048x1376,30060,a892a7306486e84c51fd4e6656ac6ee35c74366cfa20a57d6a4610572c5051ad
webp/stacked/chainmakers-stacked-white-256w.webp,webp,256x172,3562,86de0c6b460ec95dc9e0b32ead16afe737f5f06cd6eeea26da0cebf7a78e2edd
webp/stacked/chainmakers-stacked-white-4096w.webp,webp,4096x2752,62276,10bcd90fde8577d50367b34c9098477aae4d356ff883a42accbeb42459b35441
webp/stacked/chainmakers-stacked-white-512w.webp,webp,512x344,7140,eec917c26f1e653dfb0d44db65fff03fbba782d9f2a07665c14c4c76de317947
webp/symbol/chainmakers-symbol-black-1024w.webp,webp,1024x1024,12426,fee9ff0e13a797338827a5d123244e321d91298395fc035776b8d06903288828
webp/symbol/chainmakers-symbol-black-128w.webp,webp,128x128,1534,4a21ef2f5c152087cca297bb41c1d866dbc458c9d22673c29f871b2f9e9e39dd
webp/symbol/chainmakers-symbol-black-2048w.webp,webp,2048x2048,25780,0217c1036069a5948a3976764cb966b468233b94944dfd794505ab05c350b62e
webp/symbol/chainmakers-symbol-black-256w.webp,webp,256x256,3046,058e927029d6014002429421540bbe99bd829946c082ec3bfdbb1ff1e5317a00
webp/symbol/chainmakers-symbol-black-32w.webp,webp,32x32,404,668474de74757f4b9656f2b35126866d753c26b6c86dae0a79fee68b0fcca902
webp/symbol/chainmakers-symbol-black-48w.webp,webp,48x48,596,c199c3a7d034eb711035ec3620f77a122284bf2dbccaa9e9591252a87036c80d
webp/symbol/chainmakers-symbol-black-512w.webp,webp,512x512,6060,aaf6fb7479f037916287078965ec38a81781ea295fcfadfc978fa49074561c76
webp/symbol/chainmakers-symbol-black-64w.webp,webp,64x64,776,c45dce666952862b97d37211350369a709717cd0b21c1de95f17ae9c0bde44e8
webp/symbol/chainmakers-symbol-color-1024w.webp,webp,1024x1024,14936,436a90c91cf0f3fb122fe5ea50608e99ceaf72a12635a98d78ff564d1e2c993d
webp/symbol/chainmakers-symbol-color-128w.webp,webp,128x128,2330,808d9db6b53e5b19dc12ad909c8097794fd26bc4e6a9580961fdf46ad304db01
webp/symbol/chainmakers-symbol-color-2048w.webp,webp,2048x2048,29156,e2eba855dedfba5bd7bfb2a992f2babfd804bd8d78006a26a689142a68736108
webp/symbol/chainmakers-symbol-color-256w.webp,webp,256x256,4386,0269de5afd863f0e9c1c29113024468dff55a47b9e55a2b3f0575a26fde8efd2
webp/symbol/chainmakers-symbol-color-32w.webp,webp,32x32,682,54710fff4febc8ba5497e8d1ea01da586d650101ea0b5f62a21e7dcbeba5a060
webp/symbol/chainmakers-symbol-color-48w.webp,webp,48x48,964,ff21bd5e1cebb0cbaa93650faa78c09422e7100e5dd13ac4dc6159a1bbf24c0b
webp/symbol/chainmakers-symbol-color-512w.webp,webp,512x512,7844,5c7f903401803c436e84dffc7a67f058d2dd37e88327b8407784b89f3bdf6c32
webp/symbol/chainmakers-symbol-color-64w.webp,webp,64x64,1306,b8d252687d9b288f6b3ab4b53ad40c89b32d28c7afb5599a0012baf1b7e3e61e
webp/symbol/chainmakers-symbol-cyan-1024w.webp,webp,1024x1024,12778,6928c4f56e9786131f45d44e16e78f1f7a11bff4f595d392c579fe6c2d45e6f1
webp/symbol/chainmakers-symbol-cyan-128w.webp,webp,128x128,1820,c082fcc4394e083fe1a8bcf0408ebd983778a583474fd4994ddd37ef79e3ee9f
webp/symbol/chainmakers-symbol-cyan-2048w.webp,webp,2048x2048,26128,44128707bf1997b295fef352ca95b07192886ee73bd6ad1ee4ce75aa3e5636cd
webp/symbol/chainmakers-symbol-cyan-256w.webp,webp,256x256,3344,5f8a3ba1491a0b5c7658539df39bfd9e128086134b2d302cd0fd1e11fd4bc24d
webp/symbol/chainmakers-symbol-cyan-32w.webp,webp,32x32,586,aad1eabda85e0f420f67ff90ead6a8675eb4de75483f52c35e6f3741a1bc58d7
webp/symbol/chainmakers-symbol-cyan-48w.webp,webp,48x48,806,04a5924c0b130a98430324bb0bfd0d9c325e74b66c1c752d879aa3fce67a8415
webp/symbol/chainmakers-symbol-cyan-512w.webp,webp,512x512,6404,cc9b6b817292be85a1a9dcc6c7f52a23a5d758fae944356bfa892094548fa7ac
webp/symbol/chainmakers-symbol-cyan-64w.webp,webp,64x64,1048,5658fac673b4fdb7bad9022dafda38f047d3030ee172ffceb746a0728158bf0d
webp/symbol/chainmakers-symbol-graphite-1024w.webp,webp,1024x1024,12774,47cd01f32d6fb6fe1978022fb6fe2c398a330884d1e627e9a352c61637b51bdd
webp/symbol/chainmakers-symbol-graphite-128w.webp,webp,128x128,1822,ac31b1170e3753fe990626885ab083d10704bcc75e86123a9c6e37129699e649
webp/symbol/chainmakers-symbol-graphite-2048w.webp,webp,2048x2048,26128,d127bd566adb1095d15b8075eeada51113db100b36f586cde474ac3a80c7f165
webp/symbol/chainmakers-symbol-graphite-256w.webp,webp,256x256,3340,913b950de524042444645648073f34709ac28350aedeee3b9dd6695c71771496
webp/symbol/chainmakers-symbol-graphite-32w.webp,webp,32x32,592,1b2ca5832ff30d1950cfb61811df679f319f96b854ed6f4d8eed3184d6b8619e
webp/symbol/chainmakers-symbol-graphite-48w.webp,webp,48x48,812,9f04708133db61be042bf5a8b17ce387d6a8c1e0a0d29c3ce8f54b41e86c87a0
webp/symbol/chainmakers-symbol-graphite-512w.webp,webp,512x512,6382,a24e4f4454f062358f1ece550935d2bda598cbfbd11f88bec9f0a1e81b62f964
webp/symbol/chainmakers-symbol-graphite-64w.webp,webp,64x64,1034,296781d7f0dc64c4f93783e1af75866f06b46393e7a5cd2dbc9772be423b532b
webp/symbol/chainmakers-symbol-reverse-1024w.webp,webp,1024x1024,14690,fcc76d795608595dc3fb65af0d907d3078c520fd49f66552339a16b526dd5637
webp/symbol/chainmakers-symbol-reverse-128w.webp,webp,128x128,2088,9b8f308391cdcb7e0f06177db1d07edf264466b188a61c200a156529455652eb
webp/symbol/chainmakers-symbol-reverse-2048w.webp,webp,2048x2048,28462,291566977d20ab26ab77f214bc7d83f2983a1a8661064d188a053172c55c5262
webp/symbol/chainmakers-symbol-reverse-256w.webp,webp,256x256,4008,3f54a9cb0271aa2ca57e2c6e4e05570a3f777538aef8c565450c0ae49bcc2da6
webp/symbol/chainmakers-symbol-reverse-32w.webp,webp,32x32,618,b6879ccb00a811755edf8da12d2a826ad4290832fb97693fe530bdc2f06795e2
webp/symbol/chainmakers-symbol-reverse-48w.webp,webp,48x48,866,c53ad9162dbc5cc93b877887270b908fd407fbb51596751fb211fbf28245b3bb
webp/symbol/chainmakers-symbol-reverse-512w.webp,webp,512x512,7680,61aba0b1d4055fbcb72cc398481df4a1025553dbe0d469bc12974942fb09d0c7
webp/symbol/chainmakers-symbol-reverse-64w.webp,webp,64x64,1134,e55ea7b2649caa8bcea806c24f73ac4f6dff1b28e5e3a250190a9adc96324cf8
webp/symbol/chainmakers-symbol-white-1024w.webp,webp,1024x1024,12432,fd1c57a21d049080060ad51461302435266d1427644289a085bcf36c5c0d0ea1
webp/symbol/chainmakers-symbol-white-128w.webp,webp,128x128,1568,f280cf059f02cb3082ff225c349fe156414e16f29af12b3eb11702ebbfcca584
webp/symbol/chainmakers-symbol-white-2048w.webp,webp,2048x2048,25786,e499fb1c196d2fcc583dede19240ff1fd28c3b72c8c5781615202bf4915e41a2
webp/symbol/chainmakers-symbol-white-256w.webp,webp,256x256,3032,6af64878bcbb017019ccf2ac5f311dc8f0c0d7b6601d246c017db86edf60a9f7
webp/symbol/chainmakers-symbol-white-32w.webp,webp,32x32,416,53930f9e4336908f11df12557ed4ffe9e6b5959a2c163eb60e26ea13251353dd
webp/symbol/chainmakers-symbol-white-48w.webp,webp,48x48,612,935db8253737135dd9e86685f11e03c5d1e143889a910cad1fd69b3fa1cadb43
webp/symbol/chainmakers-symbol-white-512w.webp,webp,512x512,6066,075e92b0bb1b9c27d5ffffdd7818c819a5e8c40ed1758baf82cb4e1f9cfbfc8e
webp/symbol/chainmakers-symbol-white-64w.webp,webp,64x64,784,4cdbc526b5a67e23f8a1dd2dfd1f45294f4d5cfc27987bfad692c9bff88d32dc
webp/wordmark/chainmakers-wordmark-black-1280w.webp,webp,1280x258,10850,fd99d90b5c9bfdb2a647ae3a933b1fe9aa2cd94180d95122c847b101e7a72924
webp/wordmark/chainmakers-wordmark-black-1920w.webp,webp,1920x386,16528,33f80ef4e7e27e02f86e5f4864fd8ef5c5337556569545d09ccf91e091a33098
webp/wordmark/chainmakers-wordmark-black-240w.webp,webp,240x49,2046,f1e7b0143ddef3fccbcfdd0af5d501afcebae9f85e4d2b52ea098da195f26210
webp/wordmark/chainmakers-wordmark-black-2560w.webp,webp,2560x515,22250,7db8187f00f8731c00f1e503916c1932d8f6c306b601d81a0cb2c82e3bd5df2e
webp/wordmark/chainmakers-wordmark-black-320w.webp,webp,320x65,2632,70987620d997ad4520d04bdf24e3af69a9f69d1ffd0a5b8ac0f5c16da03d9dd2
webp/wordmark/chainmakers-wordmark-black-3840w.webp,webp,3840x772,34210,df913811c347f7562714787eba14824f71176100a0fc67d72f28a56714d86661
webp/wordmark/chainmakers-wordmark-black-480w.webp,webp,480x97,3964,71d43536d648267fae02c1c29020ebdccc0344917126d8d4de9dceb51d5c2267
webp/wordmark/chainmakers-wordmark-black-640w.webp,webp,640x129,5260,a4f1d87b0c0ee2a7197c5f150101abc831db6844c31ad096060bf63e059ae835
webp/wordmark/chainmakers-wordmark-black-960w.webp,webp,960x193,8026,a7dc64c076f16ea3c509f53da85140e964f6bbcd4375802a24d33a5cef4e1ea9
webp/wordmark/chainmakers-wordmark-color-1280w.webp,webp,1280x258,14164,836f057048118a68e7f0e30f4378d8b66797b8d809bf64a5e3c3f891e30dee29
webp/wordmark/chainmakers-wordmark-color-1920w.webp,webp,1920x386,21132,438d1e5971ccf0ce0724f9055f86c52fe7ed8cc22f701e54ed3cf833ba001e23
webp/wordmark/chainmakers-wordmark-color-240w.webp,webp,240x49,2968,2ee830505e0cfbb162342a3acb1eef0d26b88b108ecdbcf974060fc6f4e8c276
webp/wordmark/chainmakers-wordmark-color-2560w.webp,webp,2560x515,28168,e73fe712f89e386e4890878bee3594cfd2991a805870c5d13c340711a3f64f25
webp/wordmark/chainmakers-wordmark-color-320w.webp,webp,320x65,3890,bbf99e896ce691b0aa88868a35c4fc2200baf9cb201959e21d8b944be6bc5216
webp/wordmark/chainmakers-wordmark-color-3840w.webp,webp,3840x772,39242,8f3b151db4093903d4afdeb6e889b66ac5fef868d9a7ff7d5b63053d315fbbb5
webp/wordmark/chainmakers-wordmark-color-480w.webp,webp,480x97,5618,b1482d10cee582be634c6acc2905564de9e42c965d35d0a6648a0aadcfa17bba
webp/wordmark/chainmakers-wordmark-color-640w.webp,webp,640x129,7284,1bfe09f1d914d6afbbd6a7ccf6d81958d3fb9f38683f774c82b1d418bc9d37ca
webp/wordmark/chainmakers-wordmark-color-960w.webp,webp,960x193,10762,1c6b0fd6d1ac52c74c97078229aadeba5cdd7a293409788f79ab4d7decfde11b
webp/wordmark/chainmakers-wordmark-cyan-1280w.webp,webp,1280x258,11194,b181475830d9929443283f67b68cc3642ed408570213e0c56ee5c812330d5acb
webp/wordmark/chainmakers-wordmark-cyan-1920w.webp,webp,1920x386,16878,41a4d8690a6c8f5ba59ef57de79c8647fc876d53ceda77c9ae252052c617078a
webp/wordmark/chainmakers-wordmark-cyan-240w.webp,webp,240x49,2316,fd28b5abd381fcfaa852004eaf6af327ef179dc7b780bda6b6c52041e324114a
webp/wordmark/chainmakers-wordmark-cyan-2560w.webp,webp,2560x515,22592,6276e472a4ff01a71a6b487aab85d1eb31d6ca08f44674bb9145241351e1ba78
webp/wordmark/chainmakers-wordmark-cyan-320w.webp,webp,320x65,2928,9d458816c6c310a47b08bc1cf088fe5a9d931da721e6d44f3897f19dcb0c3619
webp/wordmark/chainmakers-wordmark-cyan-3840w.webp,webp,3840x772,34554,34087b0aaf2f4db5c2d1f82f00fe8931d45d59025e50b34646eae021012981df
webp/wordmark/chainmakers-wordmark-cyan-480w.webp,webp,480x97,4248,4fd2f5bb51d38086a288a28e9444d0b8db139bfd8b725e03bf8080924ef1316e
webp/wordmark/chainmakers-wordmark-cyan-640w.webp,webp,640x129,5606,0435f41f4ba4898089babf2541c230aa3b95636c74d3d80d309d05febf19febc
webp/wordmark/chainmakers-wordmark-cyan-960w.webp,webp,960x193,8372,4539d124e7c0583471610ff84198a8b1e43356b65307b8f354a3f259ca3b2011
webp/wordmark/chainmakers-wordmark-graphite-1280w.webp,webp,1280x258,11192,f1abd297793c81ad2fb8a05336775b198be8c0968f5dc6d67e75eecb367f2b87
webp/wordmark/chainmakers-wordmark-graphite-1920w.webp,webp,1920x386,16876,fc306a7152ab26e59b0c1c86756435f9e51e659ccd314e0f475541707823aa89
webp/wordmark/chainmakers-wordmark-graphite-240w.webp,webp,240x49,2316,bec4b4ece4a8ead16fd62bb461e370fa4639aa51e90ea07666ecc006ee673e09
webp/wordmark/chainmakers-wordmark-graphite-2560w.webp,webp,2560x515,22590,c7025bd0ba27f2632dfd89d067e1168690e7d4c12903e99fac1644cd82da85d6
webp/wordmark/chainmakers-wordmark-graphite-320w.webp,webp,320x65,2922,965ed00a5d912626369f6ad6b964bc4ba9ff1a331b18b3047fbb10080eac5a5c
webp/wordmark/chainmakers-wordmark-graphite-3840w.webp,webp,3840x772,34550,2f1148392265d7d618f0c95538471d6423750e9a7d40c3b528b14f183e91c28f
webp/wordmark/chainmakers-wordmark-graphite-480w.webp,webp,480x97,4246,86e2d0db1e1d0a1bec0b60820027dfdc987c8988d8c2ece5254f4e713c21bdb0
webp/wordmark/chainmakers-wordmark-graphite-640w.webp,webp,640x129,5600,8af0304cb025f30876a4cf3a1405377ad8488ea62a8841e8798e442646fbca25
webp/wordmark/chainmakers-wordmark-graphite-960w.webp,webp,960x193,8366,7215d3db026131be8cf86573660e8b23533ef3033a26e5cf53cf576ae5a6edfb
webp/wordmark/chainmakers-wordmark-reverse-1280w.webp,webp,1280x258,12862,c4eac81bfed7da92054da55787efe7f8aa719aa9df1c3944f4f15fff54efe237
webp/wordmark/chainmakers-wordmark-reverse-1920w.webp,webp,1920x386,19018,38e812c73c565bd2676bb42222a728c070d600bfe90c886f5ad4945e7f26b42f
webp/wordmark/chainmakers-wordmark-reverse-240w.webp,webp,240x49,2654,b05e8216c54a0c072b3a69e65959d48d27e27266f23c67a10764d9c57a31cc9f
webp/wordmark/chainmakers-wordmark-reverse-2560w.webp,webp,2560x515,25072,52cb79b1f52f89b4f2d0c072cb9b74c5ef7d9ccf5403171ebde0b6aff5eeaf97
webp/wordmark/chainmakers-wordmark-reverse-320w.webp,webp,320x65,3544,dd769dc18ce6da3aa549755957afc0e1ab711f5b1c1b5b8bfb82b0a8c663690e
webp/wordmark/chainmakers-wordmark-reverse-3840w.webp,webp,3840x772,37204,f4502f85f82d15e617e8e9853ff78ca49071b7028c42c22f0842ee662a6cc2dc
webp/wordmark/chainmakers-wordmark-reverse-480w.webp,webp,480x97,5232,b91bebe512786c65558868fb67917574b1dfe411122893e86087b1d3ecd5141d
webp/wordmark/chainmakers-wordmark-reverse-640w.webp,webp,640x129,6884,d742bd0da327e75741e20dd5f5cad6ddeef71e57cc3980eca8d34036dea47d1a
webp/wordmark/chainmakers-wordmark-reverse-960w.webp,webp,960x193,10134,975f6b7c6b07af4074c4695de20f45575a06fc31fe5cdd6683184eb48c932847
webp/wordmark/chainmakers-wordmark-white-1280w.webp,webp,1280x258,10856,ec280a4ae62fa184e2dc66f08a243e135f43efc4497ad5b7ab419ebed76e8569
webp/wordmark/chainmakers-wordmark-white-1920w.webp,webp,1920x386,16534,a35708d2027b56ca1aac18f5704b9a89f674e0487bb28d4bdd219efe5c462718
webp/wordmark/chainmakers-wordmark-white-240w.webp,webp,240x49,1998,b9bf95c7dd7181f210e24c529596036a3279b6a564daba3287e69ee0935c5828
webp/wordmark/chainmakers-wordmark-white-2560w.webp,webp,2560x515,22254,18e0d1ba945863ba6944ed8d274b69dbd2ca66f24b5b634d040a0f185f051b83
webp/wordmark/chainmakers-wordmark-white-320w.webp,webp,320x65,2604,64f6c1b7fe2b80292028cbeb2eeaa645147d6babcb84163138e6d8184824a9e1
webp/wordmark/chainmakers-wordmark-white-3840w.webp,webp,3840x772,34216,8279085b996a870862c70a8bbe68fd126359800935155680d1054c8fa7fe8b93
webp/wordmark/chainmakers-wordmark-white-480w.webp,webp,480x97,3912,7bafe60db09f25cf0d6934e47350f307eca6c41a51d0a337c4af85b4e7eb7ed3
webp/wordmark/chainmakers-wordmark-white-640w.webp,webp,640x129,5266,35c1c21e72e95a7012ed90aef61310344dab599d9afc34aafa0e90e0deaac3a5
webp/wordmark/chainmakers-wordmark-white-960w.webp,webp,960x193,8032,a7a97837845d6359052cba8d33dd813a1da0066c8089d2d9f87b78ec584ed64c
